YEAR,District,BEAT_I,HITS,num_searches,HITRATE
2015,01,122,0.0,1,0.0
2015,01,124,1.0,1,1.0
2015,01,132,0.0,1,0.0
2015,02,211,1.0,4,0.25
2015,02,212,2.0,5,0.4
2015,02,213,3.0,9,0.3333333333333333
2015,02,214,1.0,3,0.3333333333333333
2015,02,215,0.0,2,0.0
2015,02,221,5.0,17,0.29411764705882354
2015,02,222,1.0,6,0.16666666666666666
2015,02,223,0.0,4,0.0
2015,02,224,2.0,11,0.18181818181818182
2015,02,225,0.0,18,0.0
2015,02,231,1.0,10,0.1
2015,02,232,3.0,20,0.15
2015,02,233,0.0,5,0.0
2015,02,234,0.0,1,0.0
2015,02,235,0.0,1,0.0
2015,03,311,0.0,1,0.0
2015,03,312,1.0,8,0.125
2015,03,313,1.0,3,0.3333333333333333
2015,03,314,0.0,2,0.0
2015,03,321,4.0,11,0.36363636363636365
2015,03,322,1.0,4,0.25
2015,03,323,1.0,3,0.3333333333333333
2015,03,324,1.0,5,0.2
2015,03,331,1.0,5,0.2
2015,03,332,2.0,8,0.25
2015,03,333,3.0,8,0.375
2015,03,334,1.0,7,0.14285714285714285
2015,04,412,0.0,3,0.0
2015,04,413,0.0,2,0.0
2015,04,414,1.0,1,1.0
2015,04,421,0.0,1,0.0
2015,04,423,1.0,1,1.0
2015,05,511,0.0,2,0.0
2015,05,512,2.0,3,0.6666666666666666
2015,05,513,1.0,7,0.14285714285714285
2015,05,522,1.0,4,0.25
2015,05,524,3.0,5,0.6
2015,05,531,0.0,1,0.0
2015,05,532,0.0,2,0.0
2015,06,611,2.0,8,0.25
2015,06,612,1.0,2,0.5
2015,06,613,2.0,3,0.6666666666666666
2015,06,614,2.0,6,0.3333333333333333
2015,06,621,0.0,2,0.0
2015,06,622,0.0,1,0.0
2015,06,623,0.0,6,0.0
2015,06,624,0.0,1,0.0
2015,06,631,1.0,2,0.5
2015,06,632,1.0,3,0.3333333333333333
2015,06,633,0.0,1,0.0
2015,06,634,1.0,1,1.0
2015,07,711,0.0,1,0.0
2015,07,712,2.0,7,0.2857142857142857
2015,07,713,1.0,3,0.3333333333333333
2015,07,715,0.0,1,0.0
2015,07,722,0.0,2,0.0
2015,07,723,1.0,3,0.3333333333333333
2015,07,725,2.0,4,0.5
2015,07,726,1.0,3,0.3333333333333333
2015,07,732,0.0,2,0.0
2015,07,733,1.0,1,1.0
2015,07,734,0.0,2,0.0
2015,07,735,0.0,2,0.0
2015,08,811,4.0,18,0.2222222222222222
2015,08,812,3.0,14,0.21428571428571427
2015,08,813,6.0,22,0.2727272727272727
2015,08,814,4.0,11,0.36363636363636365
2015,08,815,5.0,22,0.22727272727272727
2015,08,821,5.0,24,0.20833333333333334
2015,08,822,10.0,33,0.30303030303030304
2015,08,823,11.0,49,0.22448979591836735
2015,08,824,6.0,51,0.11764705882352941
2015,08,825,13.0,65,0.2
2015,08,831,5.0,18,0.2777777777777778
2015,08,832,13.0,56,0.23214285714285715
2015,08,833,3.0,26,0.11538461538461539
2015,08,834,3.0,10,0.3
2015,08,835,8.0,29,0.27586206896551724
2015,09,911,1.0,3,0.3333333333333333
2015,09,912,0.0,2,0.0
2015,09,913,0.0,3,0.0
2015,09,914,0.0,2,0.0
2015,09,921,1.0,3,0.3333333333333333
2015,09,922,0.0,1,0.0
2015,09,923,1.0,11,0.09090909090909091
2015,09,924,2.0,9,0.2222222222222222
2015,09,925,0.0,2,0.0
2015,09,931,0.0,4,0.0
2015,09,932,0.0,6,0.0
2015,09,933,2.0,7,0.2857142857142857
2015,09,934,4.0,16,0.25
2015,09,935,1.0,4,0.25
2015,10,1011,28.0,104,0.2692307692307692
2015,10,1012,22.0,66,0.3333333333333333
2015,10,1013,10.0,91,0.10989010989010989
2015,10,1014,16.0,77,0.2077922077922078
2015,10,1021,13.0,74,0.17567567567567569
2015,10,1022,12.0,76,0.15789473684210525
2015,10,1023,4.0,20,0.2
2015,10,1024,12.0,49,0.24489795918367346
2015,10,1031,6.0,89,0.06741573033707865
2015,10,1032,11.0,88,0.125
2015,10,1033,13.0,66,0.19696969696969696
2015,10,1034,3.0,39,0.07692307692307693
2015,11,1111,5.0,81,0.06172839506172839
2015,11,1112,12.0,101,0.1188118811881188
2015,11,1113,6.0,57,0.10526315789473684
2015,11,1114,7.0,23,0.30434782608695654
2015,11,1115,9.0,70,0.12857142857142856
2015,11,1121,4.0,50,0.08
2015,11,1122,10.0,78,0.1282051282051282
2015,11,1123,5.0,26,0.19230769230769232
2015,11,1124,5.0,25,0.2
2015,11,1125,0.0,6,0.0
2015,11,1131,2.0,13,0.15384615384615385
2015,11,1132,4.0,32,0.125
2015,11,1133,13.0,54,0.24074074074074073
2015,11,1134,9.0,46,0.1956521739130435
2015,11,1135,3.0,21,0.14285714285714285
2015,12,1211,0.0,3,0.0
2015,12,1214,0.0,1,0.0
2015,12,1221,2.0,3,0.6666666666666666
2015,12,1222,2.0,6,0.3333333333333333
2015,12,1223,0.0,1,0.0
2015,12,1225,0.0,2,0.0
2015,12,1231,0.0,1,0.0
2015,12,1232,1.0,2,0.5
2015,12,1233,0.0,1,0.0
2015,12,1234,0.0,4,0.0
2015,14,1411,1.0,2,0.5
2015,14,1412,3.0,7,0.42857142857142855
2015,14,1413,0.0,5,0.0
2015,14,1421,0.0,1,0.0
2015,14,1422,0.0,3,0.0
2015,14,1423,0.0,2,0.0
2015,14,1431,1.0,1,1.0
2015,14,1434,0.0,1,0.0
2015,15,1511,0.0,6,0.0
2015,15,1512,0.0,4,0.0
2015,15,1513,1.0,7,0.14285714285714285
2015,15,1522,3.0,16,0.1875
2015,15,1523,2.0,10,0.2
2015,15,1524,5.0,24,0.20833333333333334
2015,15,1531,2.0,22,0.09090909090909091
2015,15,1532,2.0,30,0.06666666666666667
2015,15,1533,4.0,56,0.07142857142857142
2015,16,1611,0.0,1,0.0
2015,16,1612,0.0,1,0.0
2015,16,1622,1.0,1,1.0
2015,16,1623,0.0,1,0.0
2015,16,1624,1.0,3,0.3333333333333333
2015,16,1631,1.0,1,1.0
2015,16,1632,0.0,3,0.0
2015,16,1633,1.0,5,0.2
2015,16,1634,1.0,14,0.07142857142857142
2015,17,1712,0.0,3,0.0
2015,17,1722,0.0,1,0.0
2015,17,1723,0.0,2,0.0
2015,17,1724,0.0,1,0.0
2015,17,1731,4.0,12,0.3333333333333333
2015,17,1732,4.0,10,0.4
2015,17,1733,0.0,2,0.0
2015,18,1812,1.0,1,1.0
2015,18,1813,0.0,1,0.0
2015,18,1822,0.0,1,0.0
2015,18,1823,0.0,3,0.0
2015,18,1831,1.0,1,1.0
2015,18,1834,0.0,1,0.0
2015,19,1911,0.0,2,0.0
2015,19,1912,0.0,1,0.0
2015,19,1913,0.0,1,0.0
2015,19,1914,0.0,4,0.0
2015,19,1915,1.0,1,1.0
2015,19,1924,0.0,1,0.0
2015,19,1932,0.0,1,0.0
2015,19,1935,0.0,1,0.0
2015,20,2011,3.0,6,0.5
2015,20,2012,1.0,1,1.0
2015,20,2013,1.0,3,0.3333333333333333
2015,20,2022,0.0,1,0.0
2015,20,2023,0.0,1,0.0
2015,20,2024,0.0,1,0.0
2015,20,2031,4.0,6,0.6666666666666666
2015,20,2033,0.0,1,0.0
2015,22,2211,1.0,4,0.25
2015,22,2212,4.0,11,0.36363636363636365
2015,22,2213,3.0,3,1.0
2015,22,2221,8.0,9,0.8888888888888888
2015,22,2222,12.0,19,0.631578947368421
2015,22,2223,8.0,15,0.5333333333333333
2015,22,2232,7.0,12,0.5833333333333334
2015,22,2233,4.0,8,0.5
2015,22,2234,5.0,14,0.35714285714285715
2015,24,2411,6.0,23,0.2608695652173913
2015,24,2412,15.0,36,0.4166666666666667
2015,24,2413,25.0,41,0.6097560975609756
2015,24,2422,12.0,37,0.32432432432432434
2015,24,2423,10.0,16,0.625
2015,24,2424,13.0,37,0.35135135135135137
2015,24,2431,6.0,18,0.3333333333333333
2015,24,2432,10.0,40,0.25
2015,24,2433,4.0,19,0.21052631578947367
2015,25,2511,5.0,28,0.17857142857142858
2015,25,2512,26.0,77,0.33766233766233766
2015,25,2513,7.0,38,0.18421052631578946
2015,25,2514,22.0,94,0.23404255319148937
2015,25,2515,41.0,188,0.21808510638297873
2015,25,2521,47.0,226,0.2079646017699115
2015,25,2522,32.0,138,0.2318840579710145
2015,25,2523,20.0,87,0.22988505747126436
2015,25,2524,21.0,118,0.17796610169491525
2015,25,2525,27.0,119,0.226890756302521
2015,25,2531,41.0,207,0.19806763285024154
2015,25,2532,43.0,178,0.24157303370786518
2015,25,2533,38.0,220,0.17272727272727273
2015,25,2534,32.0,152,0.21052631578947367
2015,25,2535,27.0,101,0.26732673267326734
2015,31,3100,13.0,58,0.22413793103448276
2016,01,114,0.0,1,0.0
2016,01,121,0.0,1,0.0
2016,01,122,0.0,1,0.0
2016,02,212,1.0,1,1.0
2016,02,215,0.0,1,0.0
2016,02,222,0.0,1,0.0
2016,02,223,1.0,1,1.0
2016,02,224,0.0,1,0.0
2016,02,232,0.0,1,0.0
2016,02,235,0.0,1,0.0
2016,03,312,2.0,4,0.5
2016,03,321,1.0,2,0.5
2016,03,322,2.0,3,0.6666666666666666
2016,03,323,0.0,3,0.0
2016,03,324,0.0,4,0.0
2016,03,331,1.0,3,0.3333333333333333
2016,03,332,2.0,2,1.0
2016,03,333,1.0,3,0.3333333333333333
2016,03,334,0.0,1,0.0
2016,04,411,0.0,1,0.0
2016,04,412,1.0,1,1.0
2016,04,414,0.0,1,0.0
2016,04,421,0.0,1,0.0
2016,04,424,0.0,1,0.0
2016,04,431,0.0,1,0.0
2016,05,511,0.0,1,0.0
2016,05,512,0.0,3,0.0
2016,05,513,0.0,4,0.0
2016,05,522,1.0,7,0.14285714285714285
2016,05,524,1.0,4,0.25
2016,05,531,1.0,1,1.0
2016,05,532,0.0,2,0.0
2016,05,533,0.0,4,0.0
2016,06,611,0.0,1,0.0
2016,06,612,0.0,6,0.0
2016,06,613,0.0,2,0.0
2016,06,614,1.0,4,0.25
2016,06,621,2.0,4,0.5
2016,06,623,1.0,5,0.2
2016,06,624,0.0,1,0.0
2016,06,631,0.0,2,0.0
2016,06,632,1.0,1,1.0
2016,06,633,1.0,2,0.5
2016,06,634,0.0,1,0.0
2016,07,711,0.0,3,0.0
2016,07,712,2.0,5,0.4
2016,07,713,0.0,5,0.0
2016,07,714,0.0,2,0.0
2016,07,715,1.0,2,0.5
2016,07,722,0.0,2,0.0
2016,07,723,0.0,2,0.0
2016,07,724,1.0,7,0.14285714285714285
2016,07,725,0.0,3,0.0
2016,07,726,0.0,1,0.0
2016,07,731,0.0,5,0.0
2016,07,733,3.0,4,0.75
2016,07,734,1.0,1,1.0
2016,07,735,1.0,4,0.25
2016,08,811,5.0,19,0.2631578947368421
2016,08,812,0.0,13,0.0
2016,08,813,4.0,40,0.1
2016,08,814,6.0,14,0.42857142857142855
2016,08,815,3.0,16,0.1875
2016,08,821,0.0,12,0.0
2016,08,822,6.0,42,0.14285714285714285
2016,08,823,14.0,59,0.23728813559322035
2016,08,824,10.0,49,0.20408163265306123
2016,08,825,4.0,42,0.09523809523809523
2016,08,831,9.0,53,0.16981132075471697
2016,08,832,7.0,63,0.1111111111111111
2016,08,833,6.0,32,0.1875
2016,08,834,6.0,13,0.46153846153846156
2016,08,835,2.0,16,0.125
2016,09,911,0.0,2,0.0
2016,09,912,0.0,3,0.0
2016,09,913,0.0,1,0.0
2016,09,914,0.0,1,0.0
2016,09,921,0.0,4,0.0
2016,09,922,0.0,5,0.0
2016,09,923,2.0,11,0.18181818181818182
2016,09,924,1.0,5,0.2
2016,09,925,0.0,2,0.0
2016,09,931,0.0,1,0.0
2016,09,932,0.0,4,0.0
2016,09,933,0.0,4,0.0
2016,09,934,1.0,10,0.1
2016,09,935,0.0,1,0.0
2016,10,1011,14.0,142,0.09859154929577464
2016,10,1012,6.0,44,0.13636363636363635
2016,10,1013,8.0,84,0.09523809523809523
2016,10,1014,7.0,76,0.09210526315789473
2016,10,1021,10.0,89,0.11235955056179775
2016,10,1022,9.0,61,0.14754098360655737
2016,10,1023,1.0,20,0.05
2016,10,1024,5.0,62,0.08064516129032258
2016,10,1031,6.0,84,0.07142857142857142
2016,10,1032,3.0,45,0.06666666666666667
2016,10,1033,2.0,54,0.037037037037037035
2016,10,1034,2.0,34,0.058823529411764705
2016,11,1111,5.0,32,0.15625
2016,11,1112,8.0,40,0.2
2016,11,1113,12.0,102,0.11764705882352941
2016,11,1114,3.0,14,0.21428571428571427
2016,11,1115,14.0,104,0.1346153846153846
2016,11,1121,2.0,14,0.14285714285714285
2016,11,1122,4.0,55,0.07272727272727272
2016,11,1123,0.0,8,0.0
2016,11,1124,1.0,7,0.14285714285714285
2016,11,1131,6.0,39,0.15384615384615385
2016,11,1132,7.0,39,0.1794871794871795
2016,11,1133,5.0,45,0.1111111111111111
2016,11,1134,6.0,39,0.15384615384615385
2016,11,1135,3.0,11,0.2727272727272727
2016,12,1211,0.0,2,0.0
2016,12,1212,0.0,1,0.0
2016,12,1213,1.0,1,1.0
2016,12,1221,0.0,1,0.0
2016,12,1222,3.0,8,0.375
2016,12,1224,1.0,1,1.0
2016,12,1234,1.0,3,0.3333333333333333
2016,12,1235,0.0,1,0.0
2016,14,1411,0.0,2,0.0
2016,14,1412,0.0,5,0.0
2016,14,1413,2.0,5,0.4
2016,14,1414,0.0,3,0.0
2016,14,1421,1.0,3,0.3333333333333333
2016,14,1422,0.0,8,0.0
2016,14,1423,1.0,2,0.5
2016,14,1424,0.0,1,0.0
2016,14,1431,0.0,1,0.0
2016,14,1432,0.0,1,0.0
2016,14,1433,0.0,1,0.0
2016,15,1511,0.0,6,0.0
2016,15,1512,0.0,4,0.0
2016,15,1513,2.0,10,0.2
2016,15,1522,6.0,45,0.13333333333333333
2016,15,1523,1.0,10,0.1
2016,15,1524,3.0,24,0.125
2016,15,1531,1.0,22,0.045454545454545456
2016,15,1532,2.0,18,0.1111111111111111
2016,15,1533,2.0,55,0.03636363636363636
2016,16,1622,2.0,4,0.5
2016,16,1623,2.0,4,0.5
2016,16,1624,2.0,4,0.5
2016,16,1631,0.0,2,0.0
2016,16,1632,0.0,3,0.0
2016,16,1633,2.0,7,0.2857142857142857
2016,16,1634,0.0,5,0.0
2016,17,1712,0.0,2,0.0
2016,17,1713,1.0,4,0.25
2016,17,1722,0.0,1,0.0
2016,17,1723,5.0,8,0.625
2016,17,1724,1.0,2,0.5
2016,17,1731,4.0,9,0.4444444444444444
2016,17,1732,1.0,6,0.16666666666666666
2016,17,1733,0.0,2,0.0
2016,18,1811,0.0,1,0.0
2016,18,1812,1.0,1,1.0
2016,18,1813,1.0,1,1.0
2016,18,1822,0.0,1,0.0
2016,18,1823,0.0,1,0.0
2016,18,1824,1.0,2,0.5
2016,19,1911,1.0,1,1.0
2016,19,1913,0.0,3,0.0
2016,19,1915,0.0,2,0.0
2016,19,1921,0.0,2,0.0
2016,19,1925,0.0,2,0.0
2016,19,1934,0.0,1,0.0
2016,19,1935,0.0,1,0.0
2016,20,2011,2.0,8,0.25
2016,20,2012,1.0,4,0.25
2016,20,2013,0.0,3,0.0
2016,20,2022,0.0,1,0.0
2016,20,2024,0.0,2,0.0
2016,20,2031,1.0,2,0.5
2016,20,2033,0.0,1,0.0
2016,22,2212,2.0,2,1.0
2016,22,2213,1.0,3,0.3333333333333333
2016,22,2221,1.0,4,0.25
2016,22,2222,3.0,4,0.75
2016,22,2223,1.0,6,0.16666666666666666
2016,22,2232,0.0,6,0.0
2016,22,2233,1.0,6,0.16666666666666666
2016,22,2234,3.0,10,0.3
2016,24,2411,6.0,25,0.24
2016,24,2412,19.0,47,0.40425531914893614
2016,24,2413,16.0,51,0.3137254901960784
2016,24,2422,6.0,27,0.2222222222222222
2016,24,2423,5.0,17,0.29411764705882354
2016,24,2424,8.0,32,0.25
2016,24,2431,3.0,8,0.375
2016,24,2432,4.0,38,0.10526315789473684
2016,24,2433,1.0,22,0.045454545454545456
2016,25,2511,4.0,27,0.14814814814814814
2016,25,2512,11.0,68,0.16176470588235295
2016,25,2513,2.0,19,0.10526315789473684
2016,25,2514,9.0,58,0.15517241379310345
2016,25,2515,19.0,112,0.16964285714285715
2016,25,2521,27.0,147,0.1836734693877551
2016,25,2522,16.0,85,0.18823529411764706
2016,25,2523,4.0,38,0.10526315789473684
2016,25,2524,17.0,60,0.2833333333333333
2016,25,2525,19.0,52,0.36538461538461536
2016,25,2531,17.0,92,0.18478260869565216
2016,25,2532,22.0,120,0.18333333333333332
2016,25,2533,21.0,120,0.175
2016,25,2534,27.0,96,0.28125
2016,25,2535,27.0,72,0.375
2016,31,3100,5.0,46,0.10869565217391304
2017,01,124,0.0,1,0.0
2017,01,131,1.0,1,1.0
2017,02,212,0.0,3,0.0
2017,02,213,1.0,4,0.25
2017,02,214,0.0,2,0.0
2017,02,215,0.0,2,0.0
2017,02,221,0.0,2,0.0
2017,02,223,0.0,1,0.0
2017,02,224,1.0,6,0.16666666666666666
2017,02,225,0.0,6,0.0
2017,02,231,0.0,2,0.0
2017,02,232,0.0,1,0.0
2017,02,235,0.0,1,0.0
2017,03,311,0.0,1,0.0
2017,03,312,0.0,2,0.0
2017,03,313,0.0,1,0.0
2017,03,321,1.0,4,0.25
2017,03,322,1.0,3,0.3333333333333333
2017,03,323,2.0,4,0.5
2017,03,324,1.0,4,0.25
2017,03,331,1.0,3,0.3333333333333333
2017,03,332,0.0,1,0.0
2017,03,333,0.0,1,0.0
2017,04,412,0.0,1,0.0
2017,04,413,0.0,1,0.0
2017,04,414,0.0,2,0.0
2017,04,421,2.0,4,0.5
2017,04,423,0.0,2,0.0
2017,04,431,0.0,1,0.0
2017,04,432,0.0,1,0.0
2017,05,511,0.0,8,0.0
2017,05,512,1.0,4,0.25
2017,05,513,1.0,3,0.3333333333333333
2017,05,522,0.0,7,0.0
2017,05,523,0.0,2,0.0
2017,05,524,0.0,6,0.0
2017,05,531,1.0,4,0.25
2017,05,532,2.0,5,0.4
2017,05,533,0.0,3,0.0
2017,06,611,0.0,8,0.0
2017,06,612,2.0,7,0.2857142857142857
2017,06,613,3.0,14,0.21428571428571427
2017,06,614,0.0,7,0.0
2017,06,621,3.0,21,0.14285714285714285
2017,06,622,1.0,5,0.2
2017,06,623,1.0,8,0.125
2017,06,624,0.0,9,0.0
2017,06,631,1.0,7,0.14285714285714285
2017,06,632,2.0,10,0.2
2017,06,633,0.0,3,0.0
2017,06,634,0.0,3,0.0
2017,07,711,1.0,18,0.05555555555555555
2017,07,712,1.0,39,0.02564102564102564
2017,07,713,3.0,45,0.06666666666666667
2017,07,714,0.0,8,0.0
2017,07,715,0.0,8,0.0
2017,07,722,2.0,14,0.14285714285714285
2017,07,723,4.0,26,0.15384615384615385
2017,07,724,0.0,17,0.0
2017,07,725,1.0,26,0.038461538461538464
2017,07,726,0.0,22,0.0
2017,07,731,1.0,19,0.05263157894736842
2017,07,732,1.0,24,0.041666666666666664
2017,07,733,3.0,33,0.09090909090909091
2017,07,734,1.0,25,0.04
2017,07,735,2.0,31,0.06451612903225806
2017,08,811,1.0,9,0.1111111111111111
2017,08,812,3.0,11,0.2727272727272727
2017,08,813,7.0,34,0.20588235294117646
2017,08,814,3.0,13,0.23076923076923078
2017,08,815,2.0,27,0.07407407407407407
2017,08,821,0.0,10,0.0
2017,08,822,4.0,48,0.08333333333333333
2017,08,823,15.0,68,0.22058823529411764
2017,08,824,2.0,31,0.06451612903225806
2017,08,825,10.0,44,0.22727272727272727
2017,08,831,8.0,45,0.17777777777777778
2017,08,832,3.0,37,0.08108108108108109
2017,08,833,3.0,21,0.14285714285714285
2017,08,834,1.0,17,0.058823529411764705
2017,08,835,2.0,15,0.13333333333333333
2017,09,912,0.0,2,0.0
2017,09,915,1.0,2,0.5
2017,09,921,2.0,8,0.25
2017,09,922,1.0,14,0.07142857142857142
2017,09,923,2.0,14,0.14285714285714285
2017,09,924,5.0,6,0.8333333333333334
2017,09,931,0.0,9,0.0
2017,09,932,1.0,9,0.1111111111111111
2017,09,933,0.0,4,0.0
2017,09,934,0.0,5,0.0
2017,09,935,0.0,1,0.0
2017,10,1011,3.0,17,0.17647058823529413
2017,10,1012,0.0,2,0.0
2017,10,1013,2.0,6,0.3333333333333333
2017,10,1014,0.0,9,0.0
2017,10,1021,1.0,9,0.1111111111111111
2017,10,1022,0.0,2,0.0
2017,10,1024,1.0,10,0.1
2017,10,1031,1.0,6,0.16666666666666666
2017,10,1032,1.0,3,0.3333333333333333
2017,10,1034,0.0,7,0.0
2017,11,1111,4.0,30,0.13333333333333333
2017,11,1112,2.0,29,0.06896551724137931
2017,11,1113,4.0,76,0.05263157894736842
2017,11,1114,0.0,19,0.0
2017,11,1115,2.0,64,0.03125
2017,11,1121,3.0,20,0.15
2017,11,1122,4.0,46,0.08695652173913043
2017,11,1123,3.0,17,0.17647058823529413
2017,11,1124,1.0,4,0.25
2017,11,1125,0.0,2,0.0
2017,11,1131,4.0,26,0.15384615384615385
2017,11,1132,1.0,21,0.047619047619047616
2017,11,1133,3.0,16,0.1875
2017,11,1134,1.0,12,0.08333333333333333
2017,11,1135,1.0,3,0.3333333333333333
2017,12,1211,1.0,1,1.0
2017,12,1221,1.0,2,0.5
2017,12,1222,0.0,1,0.0
2017,12,1233,0.0,1,0.0
2017,12,1234,0.0,2,0.0
2017,12,1235,0.0,1,0.0
2017,14,1413,0.0,3,0.0
2017,14,1414,1.0,2,0.5
2017,14,1421,0.0,3,0.0
2017,14,1422,1.0,6,0.16666666666666666
2017,14,1423,1.0,5,0.2
2017,14,1432,0.0,1,0.0
2017,15,1511,1.0,19,0.05263157894736842
2017,15,1512,2.0,8,0.25
2017,15,1513,0.0,14,0.0
2017,15,1522,8.0,65,0.12307692307692308
2017,15,1523,0.0,18,0.0
2017,15,1524,3.0,29,0.10344827586206896
2017,15,1531,5.0,27,0.18518518518518517
2017,15,1532,3.0,37,0.08108108108108109
2017,15,1533,9.0,86,0.10465116279069768
2017,16,1611,1.0,1,1.0
2017,16,1621,0.0,2,0.0
2017,16,1622,0.0,1,0.0
2017,16,1623,0.0,3,0.0
2017,16,1624,0.0,2,0.0
2017,16,1631,1.0,4,0.25
2017,16,1632,2.0,6,0.3333333333333333
2017,16,1633,3.0,7,0.42857142857142855
2017,16,1634,1.0,10,0.1
2017,17,1711,0.0,2,0.0
2017,17,1712,0.0,2,0.0
2017,17,1713,0.0,1,0.0
2017,17,1722,0.0,3,0.0
2017,17,1723,1.0,4,0.25
2017,17,1731,2.0,6,0.3333333333333333
2017,17,1732,0.0,3,0.0
2017,17,1733,0.0,1,0.0
2017,18,1812,0.0,1,0.0
2017,18,1823,0.0,1,0.0
2017,18,1832,0.0,1,0.0
2017,18,1833,1.0,2,0.5
2017,18,1834,0.0,1,0.0
2017,19,1911,0.0,1,0.0
2017,19,1912,0.0,2,0.0
2017,19,1913,0.0,2,0.0
2017,19,1914,0.0,4,0.0
2017,19,1921,1.0,2,0.5
2017,19,1922,1.0,3,0.3333333333333333
2017,19,1924,2.0,3,0.6666666666666666
2017,19,1925,1.0,3,0.3333333333333333
2017,19,1932,0.0,1,0.0
2017,19,1933,0.0,1,0.0
2017,19,1934,1.0,1,1.0
2017,19,1935,1.0,2,0.5
2017,20,2011,3.0,8,0.375
2017,20,2012,3.0,6,0.5
2017,20,2013,0.0,1,0.0
2017,20,2022,1.0,5,0.2
2017,20,2023,1.0,1,1.0
2017,20,2031,2.0,4,0.5
2017,20,2032,0.0,2,0.0
2017,20,2033,0.0,1,0.0
2017,22,2211,0.0,1,0.0
2017,22,2212,1.0,7,0.14285714285714285
2017,22,2213,0.0,4,0.0
2017,22,2221,0.0,7,0.0
2017,22,2222,1.0,11,0.09090909090909091
2017,22,2223,6.0,22,0.2727272727272727
2017,22,2232,1.0,14,0.07142857142857142
2017,22,2233,2.0,23,0.08695652173913043
2017,22,2234,0.0,13,0.0
2017,24,2411,5.0,21,0.23809523809523808
2017,24,2412,8.0,24,0.3333333333333333
2017,24,2413,9.0,26,0.34615384615384615
2017,24,2422,2.0,24,0.08333333333333333
2017,24,2423,8.0,20,0.4
2017,24,2424,7.0,22,0.3181818181818182
2017,24,2431,6.0,15,0.4
2017,24,2432,5.0,49,0.10204081632653061
2017,24,2433,2.0,21,0.09523809523809523
2017,25,2511,0.0,9,0.0
2017,25,2512,4.0,52,0.07692307692307693
2017,25,2513,1.0,14,0.07142857142857142
2017,25,2514,5.0,36,0.1388888888888889
2017,25,2515,8.0,74,0.10810810810810811
2017,25,2521,15.0,134,0.11194029850746269
2017,25,2522,6.0,69,0.08695652173913043
2017,25,2523,4.0,21,0.19047619047619047
2017,25,2524,8.0,36,0.2222222222222222
2017,25,2525,2.0,22,0.09090909090909091
2017,25,2531,9.0,97,0.09278350515463918
2017,25,2532,21.0,130,0.16153846153846155
2017,25,2533,14.0,143,0.0979020979020979
2017,25,2534,6.0,75,0.08
2017,25,2535,6.0,67,0.08955223880597014
2017,31,3100,7.0,22,0.3181818181818182
2018,01,111,1.0,1,1.0
2018,01,112,2.0,3,0.6666666666666666
2018,01,113,1.0,1,1.0
2018,01,114,4.0,8,0.5
2018,01,121,0.0,1,0.0
2018,01,122,1.0,1,1.0
2018,01,123,1.0,3,0.3333333333333333
2018,01,131,1.0,2,0.5
2018,01,133,1.0,6,0.16666666666666666
2018,02,213,0.0,2,0.0
2018,02,221,1.0,1,1.0
2018,02,224,0.0,1,0.0
2018,02,225,1.0,3,0.3333333333333333
2018,02,231,1.0,1,1.0
2018,02,232,0.0,1,0.0
2018,02,233,0.0,1,0.0
2018,03,311,1.0,6,0.16666666666666666
2018,03,312,0.0,10,0.0
2018,03,313,2.0,6,0.3333333333333333
2018,03,314,0.0,2,0.0
2018,03,321,1.0,9,0.1111111111111111
2018,03,322,1.0,5,0.2
2018,03,323,4.0,11,0.36363636363636365
2018,03,324,1.0,5,0.2
2018,03,331,0.0,2,0.0
2018,03,332,0.0,4,0.0
2018,03,333,0.0,3,0.0
2018,03,334,0.0,2,0.0
2018,04,411,0.0,1,0.0
2018,04,412,0.0,4,0.0
2018,04,413,2.0,8,0.25
2018,04,414,3.0,7,0.42857142857142855
2018,04,421,1.0,6,0.16666666666666666
2018,04,422,2.0,7,0.2857142857142857
2018,04,423,2.0,11,0.18181818181818182
2018,04,431,2.0,3,0.6666666666666666
2018,04,432,1.0,3,0.3333333333333333
2018,04,433,0.0,1,0.0
2018,04,434,1.0,4,0.25
2018,05,511,2.0,8,0.25
2018,05,512,0.0,8,0.0
2018,05,513,2.0,4,0.5
2018,05,522,2.0,9,0.2222222222222222
2018,05,523,1.0,8,0.125
2018,05,524,2.0,5,0.4
2018,05,531,3.0,6,0.5
2018,05,532,2.0,9,0.2222222222222222
2018,05,533,1.0,9,0.1111111111111111
2018,06,611,2.0,23,0.08695652173913043
2018,06,612,5.0,36,0.1388888888888889
2018,06,613,8.0,21,0.38095238095238093
2018,06,614,2.0,13,0.15384615384615385
2018,06,621,14.0,53,0.2641509433962264
2018,06,622,3.0,14,0.21428571428571427
2018,06,623,17.0,49,0.3469387755102041
2018,06,624,5.0,22,0.22727272727272727
2018,06,631,1.0,8,0.125
2018,06,632,3.0,14,0.21428571428571427
2018,06,633,1.0,4,0.25
2018,06,634,0.0,4,0.0
2018,07,711,3.0,66,0.045454545454545456
2018,07,712,2.0,134,0.014925373134328358
2018,07,713,3.0,69,0.043478260869565216
2018,07,714,1.0,35,0.02857142857142857
2018,07,715,3.0,26,0.11538461538461539
2018,07,722,0.0,24,0.0
2018,07,723,5.0,95,0.05263157894736842
2018,07,724,3.0,66,0.045454545454545456
2018,07,725,4.0,101,0.039603960396039604
2018,07,726,3.0,74,0.04054054054054054
2018,07,731,5.0,74,0.06756756756756757
2018,07,732,5.0,65,0.07692307692307693
2018,07,733,2.0,81,0.024691358024691357
2018,07,734,3.0,54,0.05555555555555555
2018,07,735,5.0,94,0.05319148936170213
2018,08,811,2.0,8,0.25
2018,08,812,0.0,2,0.0
2018,08,813,4.0,20,0.2
2018,08,814,4.0,8,0.5
2018,08,815,1.0,3,0.3333333333333333
2018,08,821,0.0,6,0.0
2018,08,822,7.0,31,0.22580645161290322
2018,08,823,5.0,24,0.20833333333333334
2018,08,824,6.0,15,0.4
2018,08,825,5.0,16,0.3125
2018,08,831,1.0,12,0.08333333333333333
2018,08,832,1.0,14,0.07142857142857142
2018,08,833,0.0,10,0.0
2018,08,834,0.0,4,0.0
2018,08,835,0.0,2,0.0
2018,09,911,2.0,6,0.3333333333333333
2018,09,912,1.0,6,0.16666666666666666
2018,09,913,0.0,1,0.0
2018,09,914,0.0,1,0.0
2018,09,915,1.0,4,0.25
2018,09,921,1.0,9,0.1111111111111111
2018,09,922,2.0,9,0.2222222222222222
2018,09,923,4.0,12,0.3333333333333333
2018,09,924,1.0,6,0.16666666666666666
2018,09,925,0.0,2,0.0
2018,09,931,3.0,12,0.25
2018,09,932,0.0,10,0.0
2018,09,933,1.0,3,0.3333333333333333
2018,09,934,0.0,6,0.0
2018,09,935,0.0,4,0.0
2018,10,1011,2.0,25,0.08
2018,10,1012,0.0,8,0.0
2018,10,1013,1.0,5,0.2
2018,10,1014,1.0,9,0.1111111111111111
2018,10,1021,3.0,12,0.25
2018,10,1022,3.0,9,0.3333333333333333
2018,10,1023,0.0,2,0.0
2018,10,1024,0.0,6,0.0
2018,10,1031,0.0,1,0.0
2018,10,1032,0.0,3,0.0
2018,10,1033,1.0,5,0.2
2018,10,1034,0.0,3,0.0
2018,11,1111,8.0,59,0.13559322033898305
2018,11,1112,17.0,95,0.17894736842105263
2018,11,1113,14.0,96,0.14583333333333334
2018,11,1114,2.0,24,0.08333333333333333
2018,11,1115,9.0,85,0.10588235294117647
2018,11,1121,8.0,41,0.1951219512195122
2018,11,1122,16.0,87,0.1839080459770115
2018,11,1123,2.0,26,0.07692307692307693
2018,11,1124,4.0,9,0.4444444444444444
2018,11,1125,1.0,2,0.5
2018,11,1131,11.0,60,0.18333333333333332
2018,11,1132,6.0,36,0.16666666666666666
2018,11,1133,10.0,42,0.23809523809523808
2018,11,1134,6.0,21,0.2857142857142857
2018,11,1135,0.0,6,0.0
2018,12,1214,1.0,2,0.5
2018,12,1215,0.0,1,0.0
2018,12,1221,1.0,5,0.2
2018,12,1222,1.0,6,0.16666666666666666
2018,12,1223,1.0,1,1.0
2018,12,1224,0.0,1,0.0
2018,12,1225,1.0,3,0.3333333333333333
2018,12,1231,0.0,1,0.0
2018,12,1233,2.0,4,0.5
2018,12,1235,0.0,1,0.0
2018,14,1411,0.0,1,0.0
2018,14,1412,0.0,1,0.0
2018,14,1413,2.0,3,0.6666666666666666
2018,14,1421,0.0,2,0.0
2018,14,1422,1.0,5,0.2
2018,14,1423,1.0,3,0.3333333333333333
2018,14,1431,0.0,2,0.0
2018,14,1434,0.0,3,0.0
2018,15,1511,5.0,31,0.16129032258064516
2018,15,1512,6.0,17,0.35294117647058826
2018,15,1513,3.0,24,0.125
2018,15,1522,12.0,84,0.14285714285714285
2018,15,1523,8.0,41,0.1951219512195122
2018,15,1524,13.0,56,0.23214285714285715
2018,15,1531,8.0,56,0.14285714285714285
2018,15,1532,6.0,57,0.10526315789473684
2018,15,1533,25.0,141,0.1773049645390071
2018,16,1611,0.0,1,0.0
2018,16,1614,0.0,1,0.0
2018,16,1621,0.0,1,0.0
2018,16,1622,0.0,1,0.0
2018,16,1623,0.0,1,0.0
2018,16,1624,1.0,3,0.3333333333333333
2018,16,1631,2.0,6,0.3333333333333333
2018,16,1632,0.0,1,0.0
2018,16,1633,2.0,6,0.3333333333333333
2018,16,1634,2.0,8,0.25
2018,16,1654,0.0,1,0.0
2018,17,1711,3.0,4,0.75
2018,17,1712,3.0,7,0.42857142857142855
2018,17,1713,1.0,5,0.2
2018,17,1722,1.0,2,0.5
2018,17,1723,5.0,8,0.625
2018,17,1724,1.0,2,0.5
2018,17,1731,6.0,12,0.5
2018,17,1732,0.0,7,0.0
2018,17,1733,1.0,1,1.0
2018,18,1811,0.0,1,0.0
2018,18,1813,0.0,2,0.0
2018,18,1814,1.0,1,1.0
2018,18,1821,0.0,4,0.0
2018,18,1822,1.0,1,1.0
2018,18,1823,0.0,1,0.0
2018,18,1824,1.0,2,0.5
2018,18,1831,0.0,4,0.0
2018,18,1832,0.0,1,0.0
2018,18,1833,0.0,3,0.0
2018,18,1834,0.0,3,0.0
2018,19,1911,0.0,1,0.0
2018,19,1912,2.0,2,1.0
2018,19,1913,4.0,13,0.3076923076923077
2018,19,1914,7.0,14,0.5
2018,19,1915,2.0,6,0.3333333333333333
2018,19,1921,1.0,2,0.5
2018,19,1922,0.0,1,0.0
2018,19,1923,0.0,1,0.0
2018,19,1924,1.0,3,0.3333333333333333
2018,19,1925,0.0,1,0.0
2018,19,1932,0.0,1,0.0
2018,19,1933,0.0,1,0.0
2018,19,1934,0.0,1,0.0
2018,19,1935,0.0,1,0.0
2018,20,2011,6.0,8,0.75
2018,20,2012,0.0,1,0.0
2018,20,2013,2.0,4,0.5
2018,20,2022,1.0,3,0.3333333333333333
2018,20,2024,0.0,2,0.0
2018,20,2031,1.0,2,0.5
2018,20,2032,1.0,3,0.3333333333333333
2018,20,2033,0.0,3,0.0
2018,22,2211,0.0,1,0.0
2018,22,2213,1.0,1,1.0
2018,22,2222,2.0,4,0.5
2018,22,2223,2.0,6,0.3333333333333333
2018,22,2232,1.0,3,0.3333333333333333
2018,22,2233,0.0,1,0.0
2018,22,2234,1.0,3,0.3333333333333333
2018,24,2411,9.0,38,0.23684210526315788
2018,24,2412,8.0,37,0.21621621621621623
2018,24,2413,20.0,55,0.36363636363636365
2018,24,2422,11.0,37,0.2972972972972973
2018,24,2423,7.0,32,0.21875
2018,24,2424,3.0,52,0.057692307692307696
2018,24,2431,2.0,16,0.125
2018,24,2432,5.0,70,0.07142857142857142
2018,24,2433,3.0,20,0.15
2018,25,2511,5.0,18,0.2777777777777778
2018,25,2512,1.0,37,0.02702702702702703
2018,25,2513,0.0,22,0.0
2018,25,2514,8.0,67,0.11940298507462686
2018,25,2515,19.0,92,0.20652173913043478
2018,25,2521,21.0,103,0.20388349514563106
2018,25,2522,11.0,60,0.18333333333333332
2018,25,2523,5.0,23,0.21739130434782608
2018,25,2524,12.0,43,0.27906976744186046
2018,25,2525,6.0,41,0.14634146341463414
2018,25,2531,9.0,97,0.09278350515463918
2018,25,2532,17.0,90,0.18888888888888888
2018,25,2533,14.0,137,0.10218978102189781
2018,25,2534,20.0,95,0.21052631578947367
2018,25,2535,11.0,54,0.2037037037037037
2018,31,3100,5.0,27,0.18518518518518517
2019,01,111,3.0,9,0.3333333333333333
2019,01,113,2.0,5,0.4
2019,01,114,1.0,7,0.14285714285714285
2019,01,121,0.0,3,0.0
2019,01,122,2.0,4,0.5
2019,01,123,0.0,3,0.0
2019,01,124,1.0,7,0.14285714285714285
2019,01,131,4.0,12,0.3333333333333333
2019,01,132,1.0,4,0.25
2019,01,133,0.0,6,0.0
2019,02,212,0.0,3,0.0
2019,02,213,1.0,2,0.5
2019,02,214,1.0,3,0.3333333333333333
2019,02,215,0.0,1,0.0
2019,02,222,0.0,1,0.0
2019,02,223,0.0,2,0.0
2019,02,224,0.0,3,0.0
2019,02,225,1.0,2,0.5
2019,02,232,1.0,3,0.3333333333333333
2019,02,233,0.0,2,0.0
2019,02,234,2.0,6,0.3333333333333333
2019,02,235,0.0,1,0.0
2019,03,311,0.0,6,0.0
2019,03,312,0.0,10,0.0
2019,03,313,1.0,6,0.16666666666666666
2019,03,314,0.0,2,0.0
2019,03,321,2.0,8,0.25
2019,03,322,0.0,8,0.0
2019,03,323,3.0,17,0.17647058823529413
2019,03,324,1.0,4,0.25
2019,03,331,1.0,4,0.25
2019,03,332,1.0,9,0.1111111111111111
2019,03,333,0.0,1,0.0
2019,03,334,0.0,3,0.0
2019,04,411,2.0,15,0.13333333333333333
2019,04,412,4.0,11,0.36363636363636365
2019,04,413,1.0,9,0.1111111111111111
2019,04,414,2.0,17,0.11764705882352941
2019,04,421,2.0,10,0.2
2019,04,422,2.0,11,0.18181818181818182
2019,04,423,3.0,16,0.1875
2019,04,424,0.0,5,0.0
2019,04,431,0.0,3,0.0
2019,04,432,1.0,10,0.1
2019,04,433,0.0,4,0.0
2019,04,434,0.0,2,0.0
2019,05,511,5.0,20,0.25
2019,05,512,2.0,11,0.18181818181818182
2019,05,513,2.0,11,0.18181818181818182
2019,05,522,1.0,7,0.14285714285714285
2019,05,523,5.0,17,0.29411764705882354
2019,05,524,3.0,5,0.6
2019,05,531,1.0,4,0.25
2019,05,532,3.0,22,0.13636363636363635
2019,05,533,0.0,13,0.0
2019,06,611,2.0,31,0.06451612903225806
2019,06,612,19.0,50,0.38
2019,06,613,10.0,33,0.30303030303030304
2019,06,614,7.0,35,0.2
2019,06,621,18.0,78,0.23076923076923078
2019,06,622,0.0,21,0.0
2019,06,623,15.0,56,0.26785714285714285
2019,06,624,6.0,39,0.15384615384615385
2019,06,631,10.0,22,0.45454545454545453
2019,06,632,12.0,26,0.46153846153846156
2019,06,633,4.0,13,0.3076923076923077
2019,06,634,5.0,12,0.4166666666666667
2019,07,711,10.0,56,0.17857142857142858
2019,07,712,11.0,100,0.11
2019,07,713,9.0,96,0.09375
2019,07,714,4.0,39,0.10256410256410256
2019,07,715,5.0,39,0.1282051282051282
2019,07,722,9.0,52,0.17307692307692307
2019,07,723,9.0,93,0.0967741935483871
2019,07,724,5.0,84,0.05952380952380952
2019,07,725,14.0,162,0.08641975308641975
2019,07,726,8.0,117,0.06837606837606838
2019,07,731,10.0,107,0.09345794392523364
2019,07,732,7.0,102,0.06862745098039216
2019,07,733,12.0,96,0.125
2019,07,734,13.0,96,0.13541666666666666
2019,07,735,18.0,119,0.15126050420168066
2019,08,811,1.0,7,0.14285714285714285
2019,08,812,0.0,1,0.0
2019,08,813,0.0,4,0.0
2019,08,814,0.0,7,0.0
2019,08,815,2.0,7,0.2857142857142857
2019,08,821,1.0,4,0.25
2019,08,822,3.0,16,0.1875
2019,08,823,1.0,12,0.08333333333333333
2019,08,824,2.0,7,0.2857142857142857
2019,08,825,2.0,12,0.16666666666666666
2019,08,831,0.0,8,0.0
2019,08,832,2.0,12,0.16666666666666666
2019,08,833,1.0,6,0.16666666666666666
2019,08,834,2.0,8,0.25
2019,08,835,1.0,4,0.25
2019,09,911,0.0,4,0.0
2019,09,912,3.0,8,0.375
2019,09,913,1.0,4,0.25
2019,09,914,0.0,1,0.0
2019,09,915,3.0,6,0.5
2019,09,921,0.0,6,0.0
2019,09,922,5.0,13,0.38461538461538464
2019,09,923,3.0,6,0.5
2019,09,924,3.0,11,0.2727272727272727
2019,09,925,4.0,8,0.5
2019,09,931,2.0,5,0.4
2019,09,932,1.0,10,0.1
2019,09,933,1.0,4,0.25
2019,09,934,1.0,24,0.041666666666666664
2019,09,935,1.0,9,0.1111111111111111
2019,10,1011,6.0,21,0.2857142857142857
2019,10,1012,0.0,6,0.0
2019,10,1013,1.0,3,0.3333333333333333
2019,10,1014,2.0,6,0.3333333333333333
2019,10,1021,1.0,10,0.1
2019,10,1022,0.0,5,0.0
2019,10,1024,3.0,14,0.21428571428571427
2019,10,1031,0.0,3,0.0
2019,10,1032,1.0,3,0.3333333333333333
2019,10,1033,2.0,6,0.3333333333333333
2019,10,1034,1.0,2,0.5
2019,11,1111,10.0,84,0.11904761904761904
2019,11,1112,26.0,142,0.18309859154929578
2019,11,1113,15.0,89,0.16853932584269662
2019,11,1114,7.0,25,0.28
2019,11,1115,12.0,67,0.1791044776119403
2019,11,1121,10.0,65,0.15384615384615385
2019,11,1122,18.0,83,0.21686746987951808
2019,11,1123,8.0,28,0.2857142857142857
2019,11,1124,8.0,15,0.5333333333333333
2019,11,1125,1.0,6,0.16666666666666666
2019,11,1131,18.0,53,0.33962264150943394
2019,11,1132,12.0,44,0.2727272727272727
2019,11,1133,8.0,40,0.2
2019,11,1134,7.0,27,0.25925925925925924
2019,11,1135,4.0,14,0.2857142857142857
2019,12,1211,1.0,4,0.25
2019,12,1212,2.0,2,1.0
2019,12,1213,1.0,5,0.2
2019,12,1214,0.0,1,0.0
2019,12,1221,2.0,3,0.6666666666666666
2019,12,1222,1.0,9,0.1111111111111111
2019,12,1223,1.0,2,0.5
2019,12,1224,1.0,2,0.5
2019,12,1225,1.0,2,0.5
2019,12,1231,0.0,3,0.0
2019,12,1232,0.0,1,0.0
2019,12,1233,1.0,6,0.16666666666666666
2019,12,1234,0.0,4,0.0
2019,14,1411,2.0,4,0.5
2019,14,1412,1.0,6,0.16666666666666666
2019,14,1413,2.0,6,0.3333333333333333
2019,14,1414,2.0,8,0.25
2019,14,1421,3.0,20,0.15
2019,14,1422,12.0,30,0.4
2019,14,1423,7.0,23,0.30434782608695654
2019,14,1424,3.0,11,0.2727272727272727
2019,14,1431,2.0,5,0.4
2019,14,1432,1.0,4,0.25
2019,14,1433,0.0,1,0.0
2019,14,1434,3.0,11,0.2727272727272727
2019,15,1511,9.0,23,0.391304347826087
2019,15,1512,6.0,12,0.5
2019,15,1513,4.0,17,0.23529411764705882
2019,15,1522,13.0,72,0.18055555555555555
2019,15,1523,4.0,27,0.14814814814814814
2019,15,1524,13.0,54,0.24074074074074073
2019,15,1531,9.0,70,0.12857142857142856
2019,15,1532,8.0,57,0.14035087719298245
2019,15,1533,19.0,92,0.20652173913043478
2019,16,1621,1.0,1,1.0
2019,16,1622,2.0,4,0.5
2019,16,1623,0.0,1,0.0
2019,16,1624,2.0,5,0.4
2019,16,1631,2.0,2,1.0
2019,16,1632,0.0,3,0.0
2019,16,1633,1.0,13,0.07692307692307693
2019,16,1634,0.0,5,0.0
2019,17,1711,0.0,2,0.0
2019,17,1712,9.0,26,0.34615384615384615
2019,17,1713,7.0,17,0.4117647058823529
2019,17,1722,10.0,13,0.7692307692307693
2019,17,1723,23.0,45,0.5111111111111111
2019,17,1724,13.0,23,0.5652173913043478
2019,17,1731,4.0,12,0.3333333333333333
2019,17,1732,3.0,8,0.375
2019,17,1733,6.0,13,0.46153846153846156
2019,18,1811,1.0,8,0.125
2019,18,1812,1.0,3,0.3333333333333333
2019,18,1813,0.0,3,0.0
2019,18,1814,2.0,7,0.2857142857142857
2019,18,1821,10.0,50,0.2
2019,18,1822,3.0,12,0.25
2019,18,1823,1.0,14,0.07142857142857142
2019,18,1824,1.0,12,0.08333333333333333
2019,18,1831,6.0,31,0.1935483870967742
2019,18,1832,6.0,24,0.25
2019,18,1833,1.0,10,0.1
2019,18,1834,2.0,22,0.09090909090909091
2019,19,1912,1.0,2,0.5
2019,19,1913,1.0,4,0.25
2019,19,1914,0.0,9,0.0
2019,19,1915,0.0,1,0.0
2019,19,1922,1.0,1,1.0
2019,19,1923,0.0,1,0.0
2019,19,1924,1.0,5,0.2
2019,19,1925,2.0,4,0.5
2019,19,1931,1.0,2,0.5
2019,19,1932,0.0,1,0.0
2019,19,1933,1.0,1,1.0
2019,19,1934,0.0,2,0.0
2019,19,1935,0.0,1,0.0
2019,20,2011,1.0,10,0.1
2019,20,2012,2.0,5,0.4
2019,20,2013,0.0,1,0.0
2019,20,2022,0.0,2,0.0
2019,20,2023,2.0,3,0.6666666666666666
2019,20,2024,0.0,1,0.0
2019,20,2031,3.0,7,0.42857142857142855
2019,20,2032,0.0,2,0.0
2019,20,2033,0.0,6,0.0
2019,22,2211,0.0,1,0.0
2019,22,2212,0.0,5,0.0
2019,22,2213,0.0,2,0.0
2019,22,2221,2.0,11,0.18181818181818182
2019,22,2222,5.0,20,0.25
2019,22,2223,4.0,9,0.4444444444444444
2019,22,2232,1.0,9,0.1111111111111111
2019,22,2233,1.0,5,0.2
2019,22,2234,2.0,6,0.3333333333333333
2019,24,2411,6.0,33,0.18181818181818182
2019,24,2412,15.0,50,0.3
2019,24,2413,28.0,85,0.32941176470588235
2019,24,2422,16.0,44,0.36363636363636365
2019,24,2423,5.0,18,0.2777777777777778
2019,24,2424,9.0,54,0.16666666666666666
2019,24,2431,2.0,9,0.2222222222222222
2019,24,2432,8.0,44,0.18181818181818182
2019,24,2433,6.0,24,0.25
2019,25,2511,3.0,9,0.3333333333333333
2019,25,2512,6.0,37,0.16216216216216217
2019,25,2513,0.0,12,0.0
2019,25,2514,6.0,31,0.1935483870967742
2019,25,2515,14.0,65,0.2153846153846154
2019,25,2521,16.0,66,0.24242424242424243
2019,25,2522,11.0,44,0.25
2019,25,2523,6.0,18,0.3333333333333333
2019,25,2524,7.0,29,0.2413793103448276
2019,25,2525,7.0,32,0.21875
2019,25,2531,8.0,46,0.17391304347826086
2019,25,2532,4.0,54,0.07407407407407407
2019,25,2533,12.0,80,0.15
2019,25,2534,11.0,59,0.1864406779661017
2019,25,2535,10.0,43,0.23255813953488372
2019,31,3100,6.0,40,0.15
2020,01,111,3.0,13,0.23076923076923078
2020,01,112,1.0,5,0.2
2020,01,113,0.0,1,0.0
2020,01,114,6.0,14,0.42857142857142855
2020,01,121,1.0,1,1.0
2020,01,122,2.0,6,0.3333333333333333
2020,01,123,5.0,23,0.21739130434782608
2020,01,124,4.0,16,0.25
2020,01,131,6.0,17,0.35294117647058826
2020,01,132,6.0,14,0.42857142857142855
2020,01,133,11.0,21,0.5238095238095238
2020,02,211,0.0,7,0.0
2020,02,212,1.0,3,0.3333333333333333
2020,02,213,0.0,2,0.0
2020,02,214,0.0,1,0.0
2020,02,215,4.0,4,1.0
2020,02,221,1.0,2,0.5
2020,02,222,0.0,1,0.0
2020,02,223,1.0,2,0.5
2020,02,225,1.0,3,0.3333333333333333
2020,02,232,0.0,2,0.0
2020,02,234,0.0,1,0.0
2020,03,311,3.0,9,0.3333333333333333
2020,03,312,11.0,21,0.5238095238095238
2020,03,313,2.0,7,0.2857142857142857
2020,03,314,2.0,5,0.4
2020,03,321,12.0,27,0.4444444444444444
2020,03,322,6.0,16,0.375
2020,03,323,6.0,17,0.35294117647058826
2020,03,324,5.0,11,0.45454545454545453
2020,03,331,8.0,15,0.5333333333333333
2020,03,332,9.0,14,0.6428571428571429
2020,03,333,3.0,4,0.75
2020,03,334,3.0,5,0.6
2020,04,411,4.0,17,0.23529411764705882
2020,04,412,4.0,13,0.3076923076923077
2020,04,413,3.0,14,0.21428571428571427
2020,04,414,3.0,20,0.15
2020,04,421,5.0,20,0.25
2020,04,422,4.0,17,0.23529411764705882
2020,04,423,6.0,18,0.3333333333333333
2020,04,424,1.0,9,0.1111111111111111
2020,04,431,1.0,8,0.125
2020,04,432,2.0,11,0.18181818181818182
2020,04,433,0.0,3,0.0
2020,04,434,2.0,9,0.2222222222222222
2020,05,511,2.0,9,0.2222222222222222
2020,05,512,2.0,9,0.2222222222222222
2020,05,513,1.0,8,0.125
2020,05,522,3.0,8,0.375
2020,05,523,2.0,9,0.2222222222222222
2020,05,524,1.0,5,0.2
2020,05,531,0.0,2,0.0
2020,05,532,1.0,9,0.1111111111111111
2020,05,533,0.0,1,0.0
2020,06,611,4.0,14,0.2857142857142857
2020,06,612,8.0,35,0.22857142857142856
2020,06,613,12.0,22,0.5454545454545454
2020,06,614,5.0,15,0.3333333333333333
2020,06,621,26.0,61,0.4262295081967213
2020,06,622,6.0,11,0.5454545454545454
2020,06,623,14.0,32,0.4375
2020,06,624,16.0,31,0.5161290322580645
2020,06,631,9.0,20,0.45
2020,06,632,9.0,23,0.391304347826087
2020,06,633,4.0,11,0.36363636363636365
2020,06,634,1.0,4,0.25
2020,07,711,11.0,46,0.2391304347826087
2020,07,712,17.0,68,0.25
2020,07,713,16.0,74,0.21621621621621623
2020,07,714,7.0,34,0.20588235294117646
2020,07,715,11.0,24,0.4583333333333333
2020,07,722,6.0,49,0.12244897959183673
2020,07,723,21.0,82,0.25609756097560976
2020,07,724,23.0,80,0.2875
2020,07,725,24.0,105,0.22857142857142856
2020,07,726,14.0,74,0.1891891891891892
2020,07,731,26.0,73,0.3561643835616438
2020,07,732,19.0,77,0.24675324675324675
2020,07,733,30.0,108,0.2777777777777778
2020,07,734,16.0,96,0.16666666666666666
2020,07,735,5.0,76,0.06578947368421052
2020,08,812,0.0,2,0.0
2020,08,813,4.0,9,0.4444444444444444
2020,08,814,3.0,11,0.2727272727272727
2020,08,815,2.0,12,0.16666666666666666
2020,08,821,5.0,11,0.45454545454545453
2020,08,822,21.0,33,0.6363636363636364
2020,08,823,11.0,21,0.5238095238095238
2020,08,824,21.0,37,0.5675675675675675
2020,08,825,12.0,32,0.375
2020,08,831,9.0,18,0.5
2020,08,832,9.0,30,0.3
2020,08,833,1.0,4,0.25
2020,08,834,1.0,2,0.5
2020,08,835,4.0,8,0.5
2020,09,911,1.0,9,0.1111111111111111
2020,09,912,2.0,6,0.3333333333333333
2020,09,913,2.0,5,0.4
2020,09,914,1.0,4,0.25
2020,09,915,0.0,3,0.0
2020,09,921,0.0,11,0.0
2020,09,922,4.0,14,0.2857142857142857
2020,09,923,12.0,14,0.8571428571428571
2020,09,924,7.0,13,0.5384615384615384
2020,09,925,3.0,9,0.3333333333333333
2020,09,931,3.0,8,0.375
2020,09,932,2.0,5,0.4
2020,09,933,1.0,5,0.2
2020,09,934,3.0,21,0.14285714285714285
2020,09,935,0.0,4,0.0
2020,10,1011,5.0,110,0.045454545454545456
2020,10,1012,2.0,38,0.05263157894736842
2020,10,1013,3.0,40,0.075
2020,10,1014,5.0,60,0.08333333333333333
2020,10,1021,7.0,62,0.11290322580645161
2020,10,1022,8.0,62,0.12903225806451613
2020,10,1023,4.0,19,0.21052631578947367
2020,10,1024,4.0,85,0.047058823529411764
2020,10,1031,5.0,39,0.1282051282051282
2020,10,1032,4.0,25,0.16
2020,10,1033,2.0,45,0.044444444444444446
2020,10,1034,0.0,33,0.0
2020,11,1111,8.0,35,0.22857142857142856
2020,11,1112,11.0,92,0.11956521739130435
2020,11,1113,10.0,50,0.2
2020,11,1114,12.0,21,0.5714285714285714
2020,11,1115,9.0,54,0.16666666666666666
2020,11,1121,19.0,60,0.31666666666666665
2020,11,1122,8.0,51,0.1568627450980392
2020,11,1123,13.0,27,0.48148148148148145
2020,11,1124,3.0,10,0.3
2020,11,1125,1.0,7,0.14285714285714285
2020,11,1131,10.0,40,0.25
2020,11,1132,10.0,66,0.15151515151515152
2020,11,1133,21.0,69,0.30434782608695654
2020,11,1134,7.0,33,0.21212121212121213
2020,11,1135,2.0,9,0.2222222222222222
2020,12,1211,1.0,3,0.3333333333333333
2020,12,1212,1.0,2,0.5
2020,12,1213,1.0,3,0.3333333333333333
2020,12,1222,1.0,7,0.14285714285714285
2020,12,1223,0.0,5,0.0
2020,12,1224,0.0,1,0.0
2020,12,1225,0.0,2,0.0
2020,12,1231,1.0,6,0.16666666666666666
2020,12,1232,0.0,4,0.0
2020,12,1233,1.0,2,0.5
2020,12,1234,3.0,11,0.2727272727272727
2020,12,1235,0.0,3,0.0
2020,14,1411,2.0,4,0.5
2020,14,1412,7.0,12,0.5833333333333334
2020,14,1413,4.0,13,0.3076923076923077
2020,14,1414,2.0,8,0.25
2020,14,1421,3.0,10,0.3
2020,14,1422,8.0,28,0.2857142857142857
2020,14,1423,9.0,19,0.47368421052631576
2020,14,1424,2.0,6,0.3333333333333333
2020,14,1431,1.0,3,0.3333333333333333
2020,14,1432,0.0,2,0.0
2020,14,1433,1.0,3,0.3333333333333333
2020,14,1434,4.0,13,0.3076923076923077
2020,15,1511,1.0,9,0.1111111111111111
2020,15,1512,4.0,10,0.4
2020,15,1513,2.0,10,0.2
2020,15,1522,1.0,14,0.07142857142857142
2020,15,1523,3.0,23,0.13043478260869565
2020,15,1524,2.0,23,0.08695652173913043
2020,15,1531,4.0,27,0.14814814814814814
2020,15,1532,2.0,25,0.08
2020,15,1533,6.0,38,0.15789473684210525
2020,16,1621,1.0,1,1.0
2020,16,1622,1.0,1,1.0
2020,16,1623,1.0,3,0.3333333333333333
2020,16,1624,0.0,1,0.0
2020,16,1631,0.0,1,0.0
2020,16,1632,1.0,7,0.14285714285714285
2020,16,1633,0.0,5,0.0
2020,16,1634,1.0,6,0.16666666666666666
2020,16,1654,0.0,1,0.0
2020,17,1711,1.0,3,0.3333333333333333
2020,17,1712,12.0,26,0.46153846153846156
2020,17,1713,8.0,11,0.7272727272727273
2020,17,1722,5.0,9,0.5555555555555556
2020,17,1723,16.0,36,0.4444444444444444
2020,17,1724,5.0,11,0.45454545454545453
2020,17,1731,6.0,12,0.5
2020,17,1732,4.0,4,1.0
2020,17,1733,3.0,7,0.42857142857142855
2020,18,1811,0.0,2,0.0
2020,18,1812,1.0,3,0.3333333333333333
2020,18,1813,0.0,3,0.0
2020,18,1814,9.0,17,0.5294117647058824
2020,18,1821,14.0,34,0.4117647058823529
2020,18,1822,3.0,9,0.3333333333333333
2020,18,1823,4.0,15,0.26666666666666666
2020,18,1824,5.0,17,0.29411764705882354
2020,18,1831,5.0,27,0.18518518518518517
2020,18,1832,13.0,38,0.34210526315789475
2020,18,1833,17.0,38,0.4473684210526316
2020,18,1834,29.0,69,0.42028985507246375
2020,19,1911,1.0,4,0.25
2020,19,1912,1.0,3,0.3333333333333333
2020,19,1913,3.0,16,0.1875
2020,19,1914,0.0,18,0.0
2020,19,1915,1.0,5,0.2
2020,19,1921,0.0,2,0.0
2020,19,1922,0.0,2,0.0
2020,19,1923,1.0,3,0.3333333333333333
2020,19,1924,2.0,4,0.5
2020,19,1925,1.0,3,0.3333333333333333
2020,19,1931,1.0,6,0.16666666666666666
2020,19,1932,2.0,2,1.0
2020,19,1933,1.0,1,1.0
2020,19,1934,1.0,2,0.5
2020,19,1935,1.0,5,0.2
2020,20,2011,8.0,12,0.6666666666666666
2020,20,2012,2.0,4,0.5
2020,20,2013,1.0,3,0.3333333333333333
2020,20,2022,0.0,1,0.0
2020,20,2023,1.0,1,1.0
2020,20,2024,1.0,4,0.25
2020,20,2031,2.0,2,1.0
2020,20,2033,2.0,6,0.3333333333333333
2020,22,2211,0.0,2,0.0
2020,22,2212,0.0,3,0.0
2020,22,2213,0.0,3,0.0
2020,22,2221,1.0,5,0.2
2020,22,2222,2.0,9,0.2222222222222222
2020,22,2223,4.0,19,0.21052631578947367
2020,22,2232,2.0,15,0.13333333333333333
2020,22,2233,6.0,16,0.375
2020,22,2234,0.0,10,0.0
2020,24,2411,18.0,35,0.5142857142857142
2020,24,2412,20.0,36,0.5555555555555556
2020,24,2413,29.0,56,0.5178571428571429
2020,24,2422,19.0,43,0.4418604651162791
2020,24,2423,8.0,15,0.5333333333333333
2020,24,2424,15.0,26,0.5769230769230769
2020,24,2431,1.0,7,0.14285714285714285
2020,24,2432,1.0,13,0.07692307692307693
2020,24,2433,4.0,9,0.4444444444444444
2020,25,2511,1.0,10,0.1
2020,25,2512,5.0,22,0.22727272727272727
2020,25,2513,1.0,6,0.16666666666666666
2020,25,2514,2.0,12,0.16666666666666666
2020,25,2515,15.0,34,0.4411764705882353
2020,25,2521,6.0,34,0.17647058823529413
2020,25,2522,6.0,37,0.16216216216216217
2020,25,2523,8.0,18,0.4444444444444444
2020,25,2524,5.0,19,0.2631578947368421
2020,25,2525,3.0,15,0.2
2020,25,2531,1.0,21,0.047619047619047616
2020,25,2532,10.0,31,0.3225806451612903
2020,25,2533,17.0,58,0.29310344827586204
2020,25,2534,9.0,47,0.19148936170212766
2020,25,2535,9.0,26,0.34615384615384615
2020,31,3100,9.0,17,0.5294117647058824
2021,01,111,13.0,25,0.52
2021,01,112,0.0,2,0.0
2021,01,113,6.0,12,0.5
2021,01,114,11.0,25,0.44
2021,01,121,5.0,11,0.45454545454545453
2021,01,122,0.0,3,0.0
2021,01,123,7.0,20,0.35
2021,01,124,6.0,15,0.4
2021,01,131,6.0,25,0.24
2021,01,132,6.0,11,0.5454545454545454
2021,01,133,3.0,7,0.42857142857142855
2021,02,211,3.0,6,0.5
2021,02,212,0.0,3,0.0
2021,02,213,0.0,4,0.0
2021,02,214,0.0,3,0.0
2021,02,215,0.0,1,0.0
2021,02,221,2.0,3,0.6666666666666666
2021,02,222,1.0,4,0.25
2021,02,223,1.0,1,1.0
2021,02,224,2.0,6,0.3333333333333333
2021,02,225,2.0,6,0.3333333333333333
2021,02,232,3.0,5,0.6
2021,02,235,1.0,3,0.3333333333333333
2021,03,311,5.0,8,0.625
2021,03,312,4.0,14,0.2857142857142857
2021,03,313,4.0,7,0.5714285714285714
2021,03,314,1.0,2,0.5
2021,03,321,7.0,13,0.5384615384615384
2021,03,322,7.0,17,0.4117647058823529
2021,03,323,4.0,11,0.36363636363636365
2021,03,324,4.0,10,0.4
2021,03,331,4.0,6,0.6666666666666666
2021,03,332,8.0,10,0.8
2021,03,333,4.0,4,1.0
2021,03,334,0.0,2,0.0
2021,04,411,4.0,16,0.25
2021,04,412,6.0,17,0.35294117647058826
2021,04,413,3.0,7,0.42857142857142855
2021,04,414,3.0,8,0.375
2021,04,421,5.0,7,0.7142857142857143
2021,04,422,3.0,8,0.375
2021,04,423,3.0,8,0.375
2021,04,424,2.0,7,0.2857142857142857
2021,04,431,0.0,1,0.0
2021,04,432,2.0,3,0.6666666666666666
2021,04,433,0.0,1,0.0
2021,04,434,1.0,1,1.0
2021,05,511,10.0,22,0.45454545454545453
2021,05,512,4.0,13,0.3076923076923077
2021,05,513,5.0,9,0.5555555555555556
2021,05,522,6.0,9,0.6666666666666666
2021,05,523,3.0,6,0.5
2021,05,524,5.0,9,0.5555555555555556
2021,05,531,2.0,5,0.4
2021,05,532,5.0,14,0.35714285714285715
2021,05,533,0.0,6,0.0
2021,06,611,12.0,42,0.2857142857142857
2021,06,612,18.0,66,0.2727272727272727
2021,06,613,13.0,45,0.28888888888888886
2021,06,614,13.0,30,0.43333333333333335
2021,06,621,13.0,61,0.21311475409836064
2021,06,622,4.0,23,0.17391304347826086
2021,06,623,25.0,60,0.4166666666666667
2021,06,624,11.0,31,0.3548387096774194
2021,06,631,7.0,14,0.5
2021,06,632,7.0,25,0.28
2021,06,633,2.0,9,0.2222222222222222
2021,06,634,1.0,2,0.5
2021,07,711,17.0,37,0.4594594594594595
2021,07,712,32.0,78,0.41025641025641024
2021,07,713,19.0,77,0.24675324675324675
2021,07,714,13.0,39,0.3333333333333333
2021,07,715,7.0,23,0.30434782608695654
2021,07,722,17.0,45,0.37777777777777777
2021,07,723,26.0,61,0.4262295081967213
2021,07,724,23.0,71,0.323943661971831
2021,07,725,48.0,94,0.5106382978723404
2021,07,726,9.0,34,0.2647058823529412
2021,07,731,29.0,63,0.4603174603174603
2021,07,732,32.0,68,0.47058823529411764
2021,07,733,30.0,80,0.375
2021,07,734,39.0,86,0.45348837209302323
2021,07,735,51.0,95,0.5368421052631579
2021,08,811,0.0,1,0.0
2021,08,813,1.0,3,0.3333333333333333
2021,08,814,2.0,3,0.6666666666666666
2021,08,815,2.0,6,0.3333333333333333
2021,08,821,1.0,6,0.16666666666666666
2021,08,822,14.0,19,0.7368421052631579
2021,08,823,12.0,24,0.5
2021,08,824,14.0,24,0.5833333333333334
2021,08,825,19.0,39,0.48717948717948717
2021,08,831,10.0,24,0.4166666666666667
2021,08,832,15.0,44,0.3409090909090909
2021,08,833,5.0,5,1.0
2021,08,834,2.0,5,0.4
2021,08,835,2.0,8,0.25
2021,09,911,0.0,7,0.0
2021,09,912,4.0,9,0.4444444444444444
2021,09,913,0.0,4,0.0
2021,09,914,2.0,8,0.25
2021,09,915,0.0,5,0.0
2021,09,921,3.0,6,0.5
2021,09,922,2.0,13,0.15384615384615385
2021,09,923,4.0,10,0.4
2021,09,924,2.0,6,0.3333333333333333
2021,09,925,2.0,4,0.5
2021,09,931,3.0,7,0.42857142857142855
2021,09,932,1.0,6,0.16666666666666666
2021,09,933,1.0,4,0.25
2021,09,934,2.0,7,0.2857142857142857
2021,09,935,0.0,4,0.0
2021,10,1011,13.0,172,0.0755813953488372
2021,10,1012,2.0,65,0.03076923076923077
2021,10,1013,5.0,40,0.125
2021,10,1014,7.0,87,0.08045977011494253
2021,10,1021,11.0,129,0.08527131782945736
2021,10,1022,7.0,99,0.0707070707070707
2021,10,1023,1.0,14,0.07142857142857142
2021,10,1024,2.0,66,0.030303030303030304
2021,10,1031,2.0,20,0.1
2021,10,1032,0.0,34,0.0
2021,10,1033,4.0,51,0.0784313725490196
2021,10,1034,3.0,26,0.11538461538461539
2021,11,1111,8.0,42,0.19047619047619047
2021,11,1112,38.0,96,0.3958333333333333
2021,11,1113,28.0,78,0.358974358974359
2021,11,1114,7.0,21,0.3333333333333333
2021,11,1115,20.0,70,0.2857142857142857
2021,11,1121,23.0,54,0.42592592592592593
2021,11,1122,27.0,77,0.35064935064935066
2021,11,1123,16.0,46,0.34782608695652173
2021,11,1124,4.0,10,0.4
2021,11,1125,0.0,3,0.0
2021,11,1131,22.0,73,0.3013698630136986
2021,11,1132,35.0,92,0.3804347826086957
2021,11,1133,37.0,126,0.29365079365079366
2021,11,1134,17.0,63,0.2698412698412698
2021,11,1135,11.0,36,0.3055555555555556
2021,12,1211,3.0,7,0.42857142857142855
2021,12,1212,0.0,5,0.0
2021,12,1213,1.0,3,0.3333333333333333
2021,12,1214,1.0,3,0.3333333333333333
2021,12,1215,0.0,2,0.0
2021,12,1221,2.0,9,0.2222222222222222
2021,12,1222,4.0,10,0.4
2021,12,1223,4.0,7,0.5714285714285714
2021,12,1224,0.0,6,0.0
2021,12,1225,2.0,6,0.3333333333333333
2021,12,1231,1.0,3,0.3333333333333333
2021,12,1232,3.0,5,0.6
2021,12,1233,5.0,9,0.5555555555555556
2021,12,1234,3.0,9,0.3333333333333333
2021,12,1235,1.0,4,0.25
2021,14,1411,2.0,3,0.6666666666666666
2021,14,1412,1.0,2,0.5
2021,14,1413,0.0,3,0.0
2021,14,1414,2.0,5,0.4
2021,14,1421,5.0,12,0.4166666666666667
2021,14,1422,13.0,20,0.65
2021,14,1423,12.0,24,0.5
2021,14,1424,7.0,12,0.5833333333333334
2021,14,1431,1.0,2,0.5
2021,14,1432,1.0,1,1.0
2021,14,1433,2.0,4,0.5
2021,14,1434,2.0,4,0.5
2021,15,1511,1.0,9,0.1111111111111111
2021,15,1512,5.0,10,0.5
2021,15,1513,1.0,7,0.14285714285714285
2021,15,1522,3.0,22,0.13636363636363635
2021,15,1523,3.0,14,0.21428571428571427
2021,15,1524,5.0,16,0.3125
2021,15,1531,3.0,18,0.16666666666666666
2021,15,1532,6.0,31,0.1935483870967742
2021,15,1533,9.0,46,0.1956521739130435
2021,16,1614,0.0,1,0.0
2021,16,1622,4.0,6,0.6666666666666666
2021,16,1623,2.0,8,0.25
2021,16,1624,5.0,9,0.5555555555555556
2021,16,1631,1.0,5,0.2
2021,16,1632,1.0,8,0.125
2021,16,1633,7.0,13,0.5384615384615384
2021,16,1634,5.0,14,0.35714285714285715
2021,17,1711,4.0,5,0.8
2021,17,1712,19.0,32,0.59375
2021,17,1713,6.0,12,0.5
2021,17,1722,18.0,29,0.6206896551724138
2021,17,1723,29.0,52,0.5576923076923077
2021,17,1724,10.0,20,0.5
2021,17,1731,8.0,16,0.5
2021,17,1732,11.0,18,0.6111111111111112
2021,17,1733,7.0,14,0.5
2021,18,1811,1.0,2,0.5
2021,18,1812,2.0,4,0.5
2021,18,1813,2.0,6,0.3333333333333333
2021,18,1814,8.0,24,0.3333333333333333
2021,18,1821,10.0,46,0.21739130434782608
2021,18,1822,3.0,13,0.23076923076923078
2021,18,1823,13.0,36,0.3611111111111111
2021,18,1824,13.0,32,0.40625
2021,18,1831,32.0,68,0.47058823529411764
2021,18,1832,32.0,62,0.5161290322580645
2021,18,1833,28.0,64,0.4375
2021,18,1834,38.0,79,0.4810126582278481
2021,19,1911,2.0,3,0.6666666666666666
2021,19,1912,0.0,6,0.0
2021,19,1913,5.0,28,0.17857142857142858
2021,19,1914,6.0,29,0.20689655172413793
2021,19,1915,1.0,5,0.2
2021,19,1922,1.0,2,0.5
2021,19,1923,0.0,3,0.0
2021,19,1924,0.0,3,0.0
2021,19,1925,1.0,5,0.2
2021,19,1931,3.0,10,0.3
2021,19,1932,1.0,2,0.5
2021,19,1933,0.0,2,0.0
2021,19,1934,0.0,4,0.0
2021,19,1935,3.0,10,0.3
2021,20,2011,3.0,6,0.5
2021,20,2012,2.0,3,0.6666666666666666
2021,20,2013,0.0,1,0.0
2021,20,2022,0.0,1,0.0
2021,20,2024,1.0,6,0.16666666666666666
2021,20,2032,0.0,1,0.0
2021,20,2033,1.0,4,0.25
2021,22,2211,6.0,14,0.42857142857142855
2021,22,2212,7.0,34,0.20588235294117646
2021,22,2213,5.0,23,0.21739130434782608
2021,22,2221,6.0,21,0.2857142857142857
2021,22,2222,15.0,38,0.39473684210526316
2021,22,2223,20.0,59,0.3389830508474576
2021,22,2232,18.0,65,0.27692307692307694
2021,22,2233,11.0,33,0.3333333333333333
2021,22,2234,14.0,35,0.4
2021,24,2411,5.0,12,0.4166666666666667
2021,24,2412,11.0,15,0.7333333333333333
2021,24,2413,6.0,23,0.2608695652173913
2021,24,2422,11.0,27,0.4074074074074074
2021,24,2423,4.0,10,0.4
2021,24,2424,8.0,16,0.5
2021,24,2431,1.0,3,0.3333333333333333
2021,24,2432,4.0,9,0.4444444444444444
2021,24,2433,5.0,10,0.5
2021,25,2511,0.0,9,0.0
2021,25,2512,3.0,27,0.1111111111111111
2021,25,2513,0.0,4,0.0
2021,25,2514,1.0,17,0.058823529411764705
2021,25,2515,4.0,28,0.14285714285714285
2021,25,2521,9.0,29,0.3103448275862069
2021,25,2522,4.0,18,0.2222222222222222
2021,25,2523,1.0,2,0.5
2021,25,2524,0.0,7,0.0
2021,25,2525,5.0,11,0.45454545454545453
2021,25,2531,8.0,17,0.47058823529411764
2021,25,2532,4.0,27,0.14814814814814814
2021,25,2533,15.0,45,0.3333333333333333
2021,25,2534,3.0,15,0.2
2021,25,2535,6.0,20,0.3
2021,31,3100,4.0,18,0.2222222222222222
